1,admin,admin@gmail.com,-,-,0,0,8196670188658069730,admin
2,Drveri 1, driver1@gmail.com,-,08211117382,0,0,8196670188658069730,driver
3,Bayu Setiawan,kanghandal@gmail.com,-,082353165184,-0.5017852,117.1583596,8196670188658069730,user
4,Ananta Yusra,kecebongbiru@gmail.com,-,0812345656,-0.5017852,117.1583596,8196670188658069730,user
5,Alif Maulana Setyawan,doaibu@gmail.com,-,0829384923,-0.5017852,117.1583596,8196670188658069730,user