1,admin,admin@gmail.com,-,-,0,0,1356498369,admin
2,Driver 1,driver1@gmail.com,-,08211117382,0,0,8196670188658069730,driver
3,Bayu Setiawan,kanghandal@gmail.com,-,082353165184,-0.5017852,117.1583596,8196670188658069730,user
4,Ananta Yusra,kecebongbiru@gmail.com,-,0812345656,-0.5017852,117.1583596,8196670188658069730,user
5,Alif Maulana Setyawan,doaibu@gmail.com,-,0829384923,-0.5017852,117.1583596,8196670188658069730,user
6,bayu,bayu@gmail.com,awdawda,092839439,-0.493358,117.16591,8196670188658069730,user
7,bayu setiawan,setiawanbayu27278@gmail.com,wadawd,21212,-0.493358,117.16591,11170527787492941956,user
8,bayu setiawan,bayu1@gmail.com,wadawda,9293030,-0.48969,117.170396,8196670188658069730,user
9,awdaw,awdawd,awdaw,2123123,-,-,â,driver